{
 "east": {
  "per_radius": {
   "20": {
    "rmmd": [
     1.7921979426620496,
     1.812909811653008,
     1.8415362471237533,
     1.880096587035952,
     1.9231632997238035,
     1.968202007174884,
     2.0075152059496153,
     2.0599543557284306,
     2.109532762656722,
     2.1614776280687993,
     2.204762558335017,
     2.2470541511005697,
     2.2793667980526395,
     2.305909825335727,
     2.341445626765376,
     2.382891313534969,
     2.393652246462126,
     2.3240056708420744,
     2.229367009853054,
     2.1543725288140485,
     1.97091766889427,
     2.0097080881264477,
     2.0424557239582106,
     2.0358524987547457,
     2.0515414802367293,
     2.1078554729304555,
     2.1207312196489045,
     2.123760008334931,
     2.1556916388579705,
     2.2062127387657426,
     2.224186885560013,
     2.2574623035272614,
     2.309914039871963,
     2.337583144705096,
     2.3033182062439708,
     2.218809850909385,
     2.107775225306903,
     1.9475340154601484,
     1.7560979246036061,
     1.5744393283418214
    ],
    "dgknet": [
     2.009108128390958,
     2.0432163374324026,
     2.055051948681626,
     2.076113916329295,
     2.1018106432004626,
     2.1011552365983532,
     2.159507483705143,
     2.177995185465736,
     2.191690603169164,
     2.241701741595699,
     2.2626915384501545,
     2.2945475961003527,
     2.3235694943681238,
     2.3800787068848597,
     2.4100706411069126,
     2.445029170590953,
     2.447819034175013,
     2.4004840893705865,
     2.384171966256587,
     2.5354421200948827,
     2.04010948428838,
     2.0665022155029247,
     2.0812590773498645,
     2.1001269497802375,
     2.118284777260278,
     2.129930590481657,
     2.1488007682886012,
     2.166759435291864,
     2.2066415336656364,
     2.2352653991484015,
     2.245451345872404,
     2.3102849603152618,
     2.316215356763043,
     2.3424122358937502,
     2.3031053834825768,
     2.2358395749453477,
     2.1277261311277216,
     1.9558213983346255,
     1.781081689104676,
     1.5926752348836517
    ],
    "rmmd_wins_frac_by_radius": 0.975
   },
   "50": {
    "rmmd": [
     2.253337013233316,
     2.2685482799947416,
     2.295811478469781,
     2.3334607605173767,
     2.3714098563492048,
     2.4001712712822987,
     2.4175575263741025,
     2.446955711497284,
     2.4690069883019397,
     2.4926521397424692,
     2.504271704946555,
     2.5245980106830346,
     2.529442983619939,
     2.530781154655419,
     2.542201166054268,
     2.563038489622663,
     2.551203877243003,
     2.4614796501140295,
     2.342871925136941,
     2.272049503681677,
     2.0196785991830217,
     2.0616361755305643,
     2.082749170619226,
     2.061431949574233,
     2.066262373087836,
     2.125037748522875,
     2.123461714570317,
     2.1101536537892205,
     2.135863983325916,
     2.181388027743944,
     2.187930467029622,
     2.211928432531286,
     2.257913975829851,
     2.2833407190937276,
     2.2442394984020946,
     2.1630141991940883,
     2.058283236112514,
     1.9092476358503159,
     1.7318387822804149,
     1.5784399316252178
    ],
    "dgknet": [
     2.7157255910594555,
     2.735118469953372,
     2.757919778536308,
     2.7906309470886845,
     2.8130170039134756,
     2.797855140792096,
     2.8573303701976576,
     2.878676689099429,
     2.8298188276674927,
     2.881120819657559,
     2.810482876956457,
     2.807790562834547,
     2.8211956798478344,
     2.8277410641331757,
     2.8415272466251684,
     2.82904497655156,
     2.8318310725643685,
     2.7198675825961636,
     2.699373334597382,
     2.851804740016876,
     2.208075097564635,
     2.213304936368057,
     2.192463400738358,
     2.2035119526075975,
     2.195107729899297,
     2.1885863220326076,
     2.1818389814245585,
     2.194623372204572,
     2.2250129017588463,
     2.242077494895482,
     2.228292868076903,
     2.306210846044867,
     2.285039049186525,
     2.316930715708267,
     2.278591691632505,
     2.21726248443128,
     2.132264877516931,
     1.9763861196682222,
     1.8528148855909976,
     1.6933595512308817
    ],
    "rmmd_wins_frac_by_radius": 1.0
   },
   "100": {
    "rmmd": [
     2.087885289680265,
     2.0622097761491958,
     1.9790819439343261,
     1.8791902390221886,
     1.8083785216401576,
     1.748205284645125,
     1.6909263196326518,
     1.6555412024453704,
     1.607280157801392,
     1.5723944431708399,
     1.528558125345589,
     1.530796154777187,
     1.5028649874013396,
     1.481763457218404,
     1.4473537556194644,
     1.4257216876025824,
     1.3707347666822622,
     1.2877721704057437,
     1.265740009635891,
     1.4150890822307516,
     0.9746253919283402,
     1.072778643638672,
     1.118274513325686,
     1.0751846201982982,
     1.0630419121731711,
     1.1687958705824188,
     1.1452007843641951,
     1.0829692158450221,
     1.0859858586376252,
     1.1197237335052372,
     1.0973972132945584,
     1.0778476721693984,
     1.0882362858731673,
     1.1136098392960168,
     1.0937732796813255,
     1.0773706423269387,
     1.0861723344252041,
     1.098969021614118,
     1.095838171248277,
     1.1372989629817862
    ],
    "dgknet": [
     3.2219831691298415,
     3.1631270346957194,
     3.1888682134315425,
     3.1992402569575455,
     3.204656903952175,
     3.1661766685339585,
     3.2448469999751435,
     3.3704087859603815,
     3.156473245543139,
     3.289252485330179,
     2.976196446007824,
     2.9416825627908554,
     3.028593545759632,
     2.895829440936256,
     2.940672973419929,
     2.8116831098936137,
     2.798762061060531,
     2.521735104514702,
     2.559801244099994,
     2.9017229705405256,
     1.6842238975120347,
     1.6446707296137595,
     1.48798955757435,
     1.5209049607573855,
     1.3978230118269543,
     1.3968284799936144,
     1.249110669146282,
     1.291041384464324,
     1.2335213270248802,
     1.2497605118255115,
     1.120662070896487,
     1.3253388340139756,
     1.1818059503288136,
     1.2444019678009186,
     1.3077054886068404,
     1.3423764924542487,
     1.470255074615549,
     1.5255459538105385,
     1.731512624766925,
     1.7583100766156348
    ],
    "rmmd_wins_frac_by_radius": 1.0
   }
  },
  "per_horizon": {
   "20": {
    "rmmd": 2.115430715668852,
    "dgknet": 2.1959456881560406,
    "ensemble_50_50": 2.1436947149333583,
    "best_blend_w": 0.0,
    "best_blend_nrmse": 0.7575920613694521,
    "best_blend_beats_both": true,
    "rmmd_better": true,
    "ensemble_beats_both": false
   },
   "50": {
    "rmmd": 2.2651027032402116,
    "dgknet": 2.5086689553600556,
    "ensemble_50_50": 2.3459607703662573,
    "best_blend_w": 0.0,
    "best_blend_nrmse": 1.0652011993234565,
    "best_blend_beats_both": true,
    "rmmd_better": true,
    "ensemble_beats_both": false
   },
   "100": {
    "rmmd": 1.391006764170734,
    "dgknet": 2.371056874994613,
    "ensemble_50_50": 1.719421187916836,
    "best_blend_w": 0.0,
    "best_blend_nrmse": 1.139008307910735,
    "best_blend_beats_both": true,
    "rmmd_better": true,
    "ensemble_beats_both": false
   }
  },
  "win_consistency": {
   "T20_vs_T50": {
    "agree_frac": 0.9079189686924494,
    "n": 543
   },
   "T50_vs_T100": {
    "agree_frac": 0.888641425389755,
    "n": 449
   },
   "T20_vs_T100": {
    "agree_frac": 0.8752783964365256,
    "n": 449
   }
  },
  "ceilings": {
   "20": {
    "rmmd": 0.7575920613694521,
    "dgknet": 0.9217663053227672,
    "shot_oracle": 0.7111124965318697,
    "radius_blend_oracle": 2.0963003312147013,
    "radius_gain_over_shot_oracle": -1.3851878346828315
   },
   "50": {
    "rmmd": 1.0652011993234565,
    "dgknet": 1.475698847054328,
    "shot_oracle": 0.9960785470313245,
    "radius_blend_oracle": 2.2160412684593846,
    "radius_gain_over_shot_oracle": -1.2199627214280602
   },
   "100": {
    "rmmd": 1.139008307910735,
    "dgknet": 2.0228132267193897,
    "shot_oracle": 1.015173327642847,
    "radius_blend_oracle": 1.151385274850981,